ID,Ward,Road-Code,Road-Name,"Created At"
670,27,408,"কে,ডি,এ এভিনিউ",
2,1,001,"তেলিগাতী মেইন রোড",
3,1,003,"কেদারনাথ ক্রস-2",
4,1,004,"বনিকপাড়া মেইন রোড",
5,1,005,"আমিরাবাদ লেন",
6,1,006,"মহেশ্বর পাশা দারোগা দিঘীর পাড়",
7,1,007,"মহেশ্বরপাশা মেইন রোড",
8,1,008,"মানিকতলা মেইন রোড",
9,1,009,"মজুমদার পাড়া রোড",
10,1,010,"যশোর রোড ও মানিকতলা সংযোগ গলি",
11,1,011,"যশোর রোড",
12,1,012,"ল্যবরেটরী স্কুল রোড",
13,1,046,"দেয়ানা পঃ পাঃ খাদেঃ ইসঃ রোড বর্তঃ কেনাই মোড়ল সড়ক",
14,1,280,"ছোট বয়রা মসজিদ বাড়ী রোড",
15,2,011,"যশোর রোড",
16,2,013,"যশোর রোড , রোড নং-1",
17,2,014,"মেঘনা পেট্রোলিয়াম রোড, রোড নং-9",
18,2,015,"কে,ডি,এ, এভিনিউ খুলনা, রোড নং-3",
19,2,016,"টি,বি,হাসপাতাল রোড, রোড নং-4",
20,2,017,"টি,বি হাসপাতাল পশ্চিমপার্শ্ব, রোড নং-5",
21,2,018,"ডি,সি রোড",
22,2,019,"চৌধুরী পাড়া রোড, রোড নং-8",
23,2,020,"ঈদগাহ রোড, রোড নং-6",
24,2,021,"্ঈদগাহ ক্রস রোড, রোড নং-7",
25,2,022,"ফুলবাড়ী ক্রস রোড",
26,2,023,"বাংলাদেশ বনশিল্প সংস্থা ক্রস রোড, রোড নং-11",
27,2,024,"বাংলাদেশ বনশিল্প সংস্থা রোড, রোড নং-10",
28,2,025,"আনছার ফ্লাওয়ার মিল রোড, রোড নং-12",
29,2,026,"রব সরনী রোড, রোড নং-2",
30,3,002,"কেদারনাথ মেইন রোড",
31,3,725,"কেদারনাথ ক্রস-1",
32,3,003,"কেদারনাথ ক্রস-2",
33,3,007,"মহেশ্বরপাশা মেইন রোড",
34,3,011,"যশোর রোড",
35,3,018,"ডি,সি রোড",
36,3,028,"সাতক্ষীরা রোড",
37,3,030,"জিন্নাহ ক্রস রোড",
38,3,029,"জিন্নাহ মেইন রোড",
39,3,033,"কার্তিকের কুল মেইন রোড",
40,3,034,"কার্তিকের কুল দক্ষিণ পাড়া রোড",
41,3,035,"মহেশ্বরপাশা ঋষিপাড়া রোড",
42,3,036,"মহেশ্বরপাশা প্রামানিক পাড়া রোড",
43,3,037,"সাহাপাড়া রোড",
44,3,038,"দে পাড়া রোড",
45,4,028,"সাতক্ষীরা রোড",
46,4,040,"হোসেন শাহ রোড",
47,4,041,"হোসেন শাহ রোড- 1ম গলি",
48,4,042,"হোসেন শাহ রোড- 2য় গলি",
49,4,043,"হোসেন শাহ রোড- 3য গলি",
50,4,045,"দেয়ানা মোল্লাপাড়া বেঃ সঃ স্কুল রোড",
51,4,046,"দেয়ানা পঃ পাঃ খাদেঃ ইসঃ রোড বর্তঃ কেনাই মোড়ল সড়ক",
52,4,047,"দেঃ পঃ পাঃ খাদেমূল ইসঃ মাদ্রাসা রোড (শেখপাড়া)",
53,4,048,"হোসেন শাহ ও দেয়ানা উত্তর পাড়া স্কুল সংযোগ গলি",
54,4,049,"দেয়ানা মোল্যা পাড়া বেঃ সরঃ প্রাঃ বিদ্যালয় ক্রস রোড",
55,4,050,"দেয়ানা দক্ষিন পাড়া  মেইন রোড",
56,4,066,"25নং রোড (বর্তমান খোকন স্মৃতি সড়ক)",
57,4,052,"দেয়ানা উত্তর পাড়া স্কুল রোড",
58,4,053,"দেয়ানা উত্তর পাড়া স্কুল রোড বাইলেন",
59,4,054,"দেয়ানা পশ্চিম পাড়া মেইন রোড",
60,4,055,"দেয়ানা পঃপাঃ মেইন রোড ও দেয়ানা স্কুল রোডসংযোগ গল",
61,4,056,"আজিজুল হক ও হোসেন শাহ রোড সংযোগ গলি",
62,4,057,"বায়তুল আমান জামে মসজিদ রোড",
63,4,058,"দেয়ানা পঃপাঃ আল আকসা জামে মসজিদ রোড",
64,4,059,"দেয়ানা বাউন্ডারী রোড",
65,4,060,"দেয়ানা মুুহাম্মাদিয়া হাফেঃ মাদ্রাস রোড",
66,4,061,"দেয়ানা মুহাম্মাদিয়া হাফেঃ মাদ্রাসা 1ম গলি",
67,4,062,"দেয়ানা মুহাম্মাদিয়া হাফেঃ মাদ্রাসা 2য় গলি",
68,4,063,"আজিজুল হক সড়ক",
69,4,064,"আজিজুল হক রোড- 1ম গলি",
70,4,065,"আজিজুল হক রোড-2য় গলি",
71,4,067,"গোলদার পাড়া রোড",
72,4,068,"গোলদার পাড়া ঈদগাহ রোড (র্বতঃ মোবারক আলী সড়ক)",
73,4,069,"হালদার পাড়া রোড 5ম গলি",
74,4,726,"দেয়ানা পশ্চিম পাড়া মেইন রোড গলি",
75,4,727,"হোসেন শাহ রোড-4র্থ গলি",
76,5,078,"দৌলতপুর বাজার রোড",
77,5,088,"শেখ আয়ুব আলী রোড",
78,5,011,"যশোর রোড",
79,5,028,"সাতক্ষীরা রোড",
80,5,074,"আঞ্জুমান মসজিদ রোড",
81,5,070,"হাজী ইব্রাহীম সড়ক",
82,5,071,"দৌলতপুর কলেজ রোড",
83,5,072,"দৌলতপুর বাজার ¯¦র্ণ পট্টি রোড",
84,5,075,"দৌলতপুর বাজার রেল রোড",
85,5,077,"আয়ুব আলী সড়ক",
86,5,079,"চিড়া পট্টি রোড",
87,5,080,"দৌলতপুর বাজার এক্সটেনশন রোড",
88,5,081,"দৌলতখান রোড",
89,5,082,"দেয়ানা প্রধান সড়ক",
90,5,083,"পাবলা ক্রস রোড-2",
91,5,084,"বনিক পাড়া রোড",
92,5,085,"হাজী মহসীন রোড",
93,5,087,"শরীফ আমজাদ হোসেন সড়ক",
94,5,562,"গল্লামারী নথর্’ খাল ব্যাংক রোড",
95,5,581,"কাশেমাবাদ মসজিদ রোড",
96,6,071,"দৌলতপুর কলেজ রোড",
97,6,089,"পাবলা ক্রস-2 বাইলেন",
98,6,011,"যশোর রোড",
99,6,083,"পাবলা ক্রস রোড-2",
100,6,086,"পাবলা কেশবলাল রোড",
101,6,385,"হাজী ইসমাইল রোড",
102,6,087,"শরীফ আমজাদ হোসেন সড়ক",
103,6,067,"গোলদার পাড়া রোড",
104,6,088,"শেখ আয়ুব আলী রোড",
105,6,090,"পাবলা মধ্যপাড়া রোড",
106,6,091,"পুরাতন যশোর রোড",
107,6,095,"ওল্ড যশোর রোড",
108,6,092,"এস,ও রোড",
109,6,093,"ফোরকানিয়া মাদ্রাসা রোড",
110,6,094,"পাবলা সবুজ সংঘ মাঠ রোড",
111,6,096,"পাবলা শাহাপাড়া রোড",
112,6,289,"খান বাহাদুর আহসান উল­াহ সড়ক (মুজগুন্নী মহাসড়ক)",
113,7,098,"বি,আই,ডি,সি রোড",
114,7,100,"কাশিপুর ক্রস-2",
115,7,101,"কাশিপুর রেল রোড",
116,7,102,"কাশিপুর কবরখানা রোড",
117,7,103,"কাশিপুর এস,ও রোড",
118,7,104,"কাশিপুর এস,ও ক্রস রোড-1",
119,7,106,"কাশিপুর মাদ্রাসাহ রোড",
120,7,107,"কাশিপুর মেইন রোড",
121,8,098,"বি,আই,ডি,সি রোড",
122,9,011,"যশোর রোড",
123,9,074,"আঞ্জুমান মসজিদ রোড",
124,9,791,"বাস্তহারা কলোনী-9",
125,9,091,"পুরাতন যশোর রোড",
126,9,108,"গোয়ালখালী মেইন রোড",
127,9,109,"বয়রা গোয়ালখালী রোড",
128,9,110,"বয়রা হাউজিং এষ্টেট",
129,9,111,"বয়রা জংশন রোড",
130,9,112,"বয়রা জংশন ক্রস রোড",
131,9,113,"মুজগুন্নী মোল্লাপাড়া রোড",
132,9,114,"মুজগুন্নী শেখপাড়া রোড",
133,9,115,"মুজগুন্নী দক্ষিণ পাড়া রোড",
134,9,116,"মুজগুন্নী আবাসিক এলাকা",
135,9,117,"মুজগুন্নী উত্তর পাড়া রোড",
136,9,118,"মুজগুন্নী উত্তর মসজিদ রোড",
139,9,123,"বাস্তহারা কলোনী রোড নং-2",
140,9,124,"বাস্তহারা কলোনী রোড নং-3",
141,9,125,"বাস্তহারা কলোনী রোড নং-4",
142,9,126,"বাস্তহারা কলোনী রোড নং-5",
143,9,248,"বয়রা কলেজ বাউন্ডারী রোড",
144,9,256,"মুজগুন্নী আবাসিক এলাকা রোড নং-17",
145,9,289,"খান বাহাদুর আহসান উল­াহ সড়ক (মুজগুন্নী মহাসড়ক)",
146,9,682,"টুটপাড়া সাকর্‚লার ইষ্ট লেন",
147,9,792,"বাস্তহারা কলোনী-10",
148,9,728,"মুজগুন্নী মেইন রোড",
149,9,729,"বাস্তহারা কলোনী রোড",
150,9,731,"বাস্তহারা কলোনী রোড নং-1",
151,9,754,"বাস্তহারা সেমিপাকা কলোনী",
152,9,781,"বাস্তহারা কলোনী রোড নং-13",
153,9,787,"বাস্তহারা কলোনী রোড নং-12",
154,9,788,"বাস্তহারা কলোনী রোড নং-11",
155,9,790,"বাস্তআরা কলোনী-8",
156,9,798,"বাস্তহারা মেইন রোড",
157,9,805,"সিটি বাইপাস সড়ক, খুলনা।",
158,9,809,"মুজগুন্নী আবাসিক এলাকা রোড নং-20",
159,9,810,"মুজগুন্নী আবাসিক এলাকা রোড নং-23",
160,9,813,"মুজগুন্নি আবাসিক এলাকা রোড নং-22",
138,9,120,"হাউজিং ওয়েষ্ট সাউথ ব্লক 600 বর্গগজ",
161,9,815,"মুজগুন্নি আবাসিক এলাকা রোড নং-21",
162,9,817,"মুজগুন্নী আবাসিক এলাকা রোড নং - 19",
163,10,011,"যশোর রোড",
164,10,127,"চিত্রালী বাজার রোড",
165,10,128,"চিত্রালী বাজার (বি,আই,ডি,সি) রোড",
166,22,011,"যশোর রোড",
176,10,138,"নর্থ সেন্ট্রাল রোড, রোড নং-19",
177,10,140,"নর্থ সেন্ট্রাল রোড, রোড নং-18",
178,10,139,"নর্থ সেন্ট্রাল রোড, রোড নং-174",
179,10,141,"নর্থ সেন্ট্রাল রোড, রোড নং-19/এ",
180,10,146,"নর্থ জোন সি",
181,10,148,"নর্থ জোন এ আবাসিক রোড",
182,10,161,"নর্থ জোন বি আবাসিক",
184,10,156,"নর্থ জোন বি-এল/পি",
185,10,157,"নর্থ জোন বি-এল/পি রোড নং-11",
186,10,158,"নর্থ জোন বি,বি আই,ডি,সি রোড",
187,10,159,"নর্থ জোন এ বানিজ্য",
188,10,160,"নর্থ জোন-বি, লিবাটি হলের পিছোনে",
189,10,163,"নয়াবাটি মুন্সিবাড়ী রোড",
190,10,199,"কবরখানা ও নয়াবাটি রোড",
191,10,806,"নয়াবাটি- রোড নং -11",
192,10,807,"নয়াবাটি- রোড নং - 22",
193,10,164,"এন,জে",
196,10,170,"এন,এল রোড নং-244",
197,10,171,"এন,এল রোড নং-246",
198,10,166,"এন,এল রোড নং-24/3",
199,10,167,"এন,এল রোড নং-241",
200,10,172,এন/আই,
201,10,173,"এন/ই রোড",
202,10,175,"এন/এফ রোড",
203,10,182,"ওয়েষ্ট এন্ড জোন বি রোড-11",
204,10,186,"ওয়েষ্ট এন্ড জোন বি রোড-186",
205,10,188,"ওয়েষ্ট এন্ড জোন সি",
206,10,198,"ওয়েষ্ট এন্ড জোন এ",
207,10,204,"হাউজিং এষ্টেট এন/কে রোড নং- 266",
208,10,205,"হাউজিং এন/ডি",
209,10,206,"হাউজিং এষ্টেট এন/কে রোড নং",
210,10,207,"হাউজিং এষ্টেট এন/কে রোড নং- 227",
211,10,210,"হাউজিং এষ্টেট এন/পি রোড",
212,10,214,"হাউজিং এষ্টেট এন/আর রোড",
213,10,218,"হাউজিং এষ্টেট এন/এইচ রোড নং- 218",
214,10,220,"হাউজিং এষ্টেট এন/এইচ রোড নং- 262",
215,10,225,"হাউজিং এষ্টেট এন/এইচ রোড নং- 29",
216,10,222,"হাউজিং এষ্টেট এন/এইচ রোড নং- 264",
219,11,098,"বি,আই,ডি,সি রোড",
220,11,230,"16 নং রোড, খালিশপুর-",
221,11,231,"18 নং রোড, খালিশপুর-",
225,11,235,এন/বি,
226,11,236,এন/সি,
227,11,237,এন/এ,
228,11,238,"হাউজিং এষ্টেট মার্কেট রোড",
229,11,239,"খালিশ পুর নিউ মার্কেট রোড",
231,11,812,"16 নং রোড (পিপল্স্ কলোনী)",
232,12,098,"বি,আই,ডি,সি রোড",
239,12,333,"ওয়েষ্ট এন্ড জোন ডি",
168,10,130,"সেন্ট্রাল ওয়েষ্ট ব্লক 300 বর্গগজ, রোড নং - 173",
169,10,131,"সেন্ট্রাল ওয়েষ্ট ব্লক - এ রোড নং-17",
170,10,132,"সেন্ট্রাল ওয়েষ্ট ব্লক - এ রোড নং-171",
171,10,133,"সেন্ট্রাল ওয়েষ্ট ব্লক  রোড নং-18",
172,10,134,"সেন্ট্রাল ওয়েষ্ট ব্লক - বি রোড নং-171",
173,10,135,"সেন্ট্রাল ওয়েষ্ট ব্লক - সি রোড নং-172",
174,10,136,"সেন্ট্রাল ওয়েষ্ট ব্লক - ডি রোড নং-19",
175,10,137,"সেন্ট্রাল ওয়েষ্ট ব্লক - ডি রোড নং-175",
183,10,155,"নর্থ জোন বি, বি ব্লক রোড নং- 278",
218,10,741,"সেন্ট্রাল ওয়েষ্ট ব্লক-সি রোড",
222,11,232,"ইন্ডাষ্ট্রিয়াল নর্থ ব্লক 16 নং রোড",
223,11,233,"নর্থ ব্লক 300 বর্গগজ রোড",
224,11,234,"নর্থ ব্লক 600 বর্গগজ লেক রোড",
230,11,776,"ইন্ডাষ্ট্রিয়াল নর্থ ব্লক শিল্প এলাকা",
233,12,325,"সেন্টাল সাউথ ব্লক (200 বর্গগজ )",
234,12,327,"ইষ্ট ব্লক",
236,12,330,"ইষ্ট ব্লক মার্কেট রোড",
237,12,331,"ইষ্ট ব্লক -12",
238,12,332,"ইষ্ট সাউথ ব্লক",
240,12,335,"হাউজিং ব্লক- সি",
241,12,336,"হাউজিং ব্লক- ডি",
195,10,169,"এন,এল রোড নং-242",
194,10,165,"এন,এল রোড নং- ২৪৩",
246,12,341,"হাউজিং এষ্টেট রোড নং-16",
265,13,098,"বি,আই,ডি,সি রোড",
266,13,240,"আলম নগর রোড",
267,13,241,"খালিশপুর মেইন রোড",
268,13,242,"খালিশপুর পোর্ট রোড",
269,13,243,"চরের হাট মেইন রোড",
270,14,011,"যশোর রোড",
271,14,091,"পুরাতন যশোর রোড",
272,14,111,"বয়রা জংশন রোড",
273,14,112,"বয়রা জংশন ক্রস রোড",
274,14,244,"বয়রা সেন্ট্রাল রোড",
275,14,245,"বয়রা দাস পাড়া রোড",
276,14,246,"বয়রা পাল পাড়া রোড",
277,14,247,"বয়রা মধ্যপাড়া মসজিদ রোড",
278,14,248,"বয়রা কলেজ বাউন্ডারী রোড",
279,14,249,"মুজগুন্নী আবাসিক এলাকা সেন্টাল রোড",
280,14,250,"মুজগুন্নী আবাসিক এলাকা রোড নং-11",
281,14,251,"মুজগুন্নী আবাসিক এলাকা রোড নং-12",
282,14,252,"মুজগুন্নী আবাসিক এলাকা রোড নং-13",
283,14,253,"মুজগুন্নী আবাসিক এলাকা রোড নং-14",
284,14,261,"মুজগুন্নী আবাসিক এলাকা রোড নং-4",
285,14,254,"মুজগুন্নী আবাসিক এলাকা রোড নং-15",
286,14,255,"মুজগুন্নী আবাসিক এলাকা রোড নং-16",
287,14,256,"মুজগুন্নী আবাসিক এলাকা রোড নং-17",
288,14,257,"মুজগুন্নী আবাসিক এলাকা মহাসড়ক",
289,14,260,"মুজগুন্নী আবাসিক এলাকা রোড নং-2",
290,14,258,"মুজগুন্নী আবাসিক এলাকা রোড নং-1",
291,14,266,"মুজগুন্নী আবাসিক এলাকা রোড নং-9",
292,14,259,"মুজগুন্নী আবাসিক এলাকা রোড নং-10",
293,14,263,"মুজগুন্নী আবাসিক এলাকা রোড নং-6",
294,14,264,"মুজগুন্নী আবাসিক এলাকা রোড নং-7",
295,14,265,"মুজগুন্নী আবাসিক এলাকা রোড নং-8",
296,14,267,"রায়ের মহল মেইন রোড",
297,14,268,"রায়ের মহল স্কুল রোড",
298,14,269,"রায়ের মহল উত্তর পাড়া মসজিদ রোড",
299,14,270,"রায়ের মহল পশ্চিম পাড়া রোড",
300,14,271,"হাজী ফয়েজ উদ্দিন রোড",
301,14,288,"হাজী ফয়েজ উদ্দিন রোড",
302,14,272,"জলিল স্বরণী রোড",
303,14,289,"খান বাহাদুর আহসান উল­াহ সড়ক (মুজগুন্নী মহাসড়ক)",
304,14,775,"মুজগুন্নি আবাসিক এলাকা রোড নং-18",
305,15,091,"পুরাতন যশোর রোড",
306,15,098,"বি,আই,ডি,সি রোড",
307,15,241,"খালিশপুর মেইন রোড",
308,15,242,"খালিশপুর পোর্ট রোড",
309,15,243,"চরের হাট মেইন রোড",
310,15,274,"ওয়্যারলেস এপ্রোাচ রোড",
311,15,276,"গাবতলা রোড",
312,15,278,"পালপাড়া রোড",
313,15,733,"হালদারপাড়া রোড",
314,16,011,"যশোর রোড",
315,16,267,"রায়ের মহল মেইন রোড",
316,16,284,"বয়রা ফারুকিয়া মসজিদ রোড",
317,16,280,"ছোট বয়রা মসজিদ বাড়ী রোড",
318,16,287,"রায়ের মহল বাউন্ডারী রোড",
319,16,271,"হাজী ফয়েজ উদ্দিন রোড",
320,16,272,"জলিল স্বরণী রোড",
321,16,279,"বিশ্ব ইসলাম মিশন রোড",
322,16,281,"নুর নগর মেইন রোড",
323,16,282,"নুর নগর মসজিদ রোড",
244,12,339,"হাউজিং এষ্টেট সেন্টাল ব্লক",
247,12,342,"হাউজিং এষ্টেট হাউজিং ব্লক-পি",
248,12,343,"হাউজিং এষ্টেট হাউজিং ব্লক-কিউ",
249,12,344,"হাউজিং এষ্টেট হাউজিং ব্লক-আর",
250,12,345,"হাউজিং এষ্টেট হাউজিং ব্লক-এন",
251,12,346,"হাউজিং এষ্টেট হাউজিং ব্লক-এম",
252,12,347,"হাউজিং এষ্টেট হাউজিং ব্লক-ও",
253,12,348,"হাউজিং ব্লক-কে",
254,12,349,"হাউজিং ব্লক-জে",
255,12,350,"হাউজিং ব্লক-জি",
256,12,351,"হাউজিং ব্লক-টি",
258,12,353,"হাউজিং ব্লক-এইচ",
259,12,354,"হাউজিং ব্লক -এফ",
260,12,355,"হাউজিং ব্লক-এল",
261,12,356,"হাউজিং ব্লক-এস",
263,12,732,"হাউজিং ব্লক- বি",
264,12,753,"সাউথ ব্লক",
324,16,283,"বয়রা মেইন রোড",
325,16,286,"বয়রা শ্মশান ঘাট রোড",
326,16,285,"বয়রা মার্কেট রোড",
327,16,288,"হাজী ফয়েজ উদ্দিন রোড",
328,16,289,"খান বাহাদুর আহসান উল­াহ সড়ক (মুজগুন্নী মহাসড়ক)",
329,16,821,"শ্মাশান ঘাট রোড (আনিছ নগর-1)",
330,16,822,"শ্মাশান ঘাট রোড (আনিছ নগর-2)",
331,16,823,"শ্মাশান ঘাট রোড (আনিছ নগর-3)",
332,16,824,"শ্মাশান ঘাট রোড (আনিছ নগর-4)",
333,16,825,"শ্মাশান ঘাট রোড (আনিছ নগর-5)",
334,16,826,"শ্মাশান ঘাট রোড (আনিছ নগর-6)",
335,16,827,"শ্মাশান ঘাট রোড (আনিছ নগর-7)",
336,16,828,"শ্মাশান ঘাট রোড (আনিছ নগর-8)",
337,16,829,"শ্মাশান ঘাট রোড (আনিছ নগর-9)",
338,16,830,"শ্মাশান ঘাট রোড (আনিছ নগর-10)",
339,16,831,"শ্মাশান ঘাট রোড (আনিছ নগর-11)",
340,16,832,"শ্মাশান ঘাট রোড (আনিছ নগর-12)",
341,16,833,"শ্মাশান ঘাট রোড (আনিছ নগর-13)",
342,17,011,"যশোর রোড",
343,17,067,"গোলদার পাড়া রোড",
344,17,283,"বয়রা মেইন রোড",
345,17,286,"বয়রা শ্মশান ঘাট রোড",
346,17,289,"খান বাহাদুর আহসান উল­াহ সড়ক (মুজগুন্নী মহাসড়ক)",
347,17,290,"সোনাডাঙ্গা আ/এ রোড নং-1 (2য় ফেজ)",
348,17,292,"সোনাডাঙ্গা আ/এ রোড নং-2 (2য় ফেজ)",
349,17,293,"সোনাডাঙ্গা আ/এ রোড নং-3 (2য় ফেজ)",
350,17,294,"সোনাডাঙ্গা আ/এ রোড নং-4 (2য় ফেজ)",
351,17,295,"সোনাডাঙ্গা আ/এ রোড নং-5 (2য় ফেজ)",
352,17,296,"সোনাডাঙ্গা আ/এ রোড নং-6 (2য় ফেজ)",
353,17,297,"সোনাডাঙ্গা আ/এ রোড নং-7 (2য় ফেজ)",
354,17,298,"সোনাডাঙ্গা আ/এ রোড নং-8 (2য় ফেজ)",
355,17,299,"সোনাডাঙ্গা আ/এ রোড নং-9 (2য় ফেজ)",
356,17,300,"সোনাডাঙ্গা আ/এ রোড নং-10 (2য় ফেজ)",
357,17,301,"সোনাডাঙ্গা আ/এ রোড নং-11 (2য় ফেজ)",
358,17,302,"সোনাডাঙ্গা আ/এ রোড নং-12 (2য় ফেজ)",
359,17,303,"সোনাডাঙ্গা আ/এ রোড নং-13 (2য় ফেজ)",
360,17,304,"সোনাডাঙ্গা আ/এ রোড নং-14 (2য় ফেজ)",
361,17,305,"সোনাডাঙ্গা আ/এ রোড নং-15 (2য় ফেজ)",
362,17,306,"সোনাডাঙ্গা আ/এ -3য় প্রকল্প",
363,17,307,"বিমল স্বরনী",
364,17,308,"বয়রা ক্রস রোড-1",
365,17,309,"আনিচ সিদ্দিকী সড়ক (কে, ডি, এ এ্যাপ্রোচ র্ডো)",
366,17,310,"সোনাডাঙ্গা মিউনিসিপ্যাল রোড",
367,17,311,"সৈয়দ আলী হোসেন সড়ক (কে,ডি, এ আউটার বাইপাস রোড)",
368,17,312,"সোনাডাঙ্গা আ/এ রোড নং-1",
369,17,313,"সোনাডাঙ্গা আ/এ রোড নং-2(1ম ফেজ)",
370,17,314,"সোনাডাঙ্গা আ/এ রোড নং-3 (ফেজ 1)",
371,17,315,"সোনাডাঙ্গা আ/এ রোড নং-4",
372,17,317,"সোনাডাঙ্গা আ/এ রোড নং-6",
373,17,316,"সোনাডাঙ্গা আ/এ রোড নং-5",
374,17,318,"সোনাডাঙ্গা আ/এ রোড নং-7 (1ম ফেজ)",
375,17,319,"সোনাডাঙ্গা ইষ্ট লেন",
376,17,320,"সোনাডাঙ্গা ক্রস-2",
377,17,321,"ইব্রাহীম মিয়া রোড",
378,17,322,"মজিদ স্বরনী",
379,17,323,"করিম নগর সুর মোহাম্মদ রোড",
380,17,324,"সোনাডাঙ্গা মেইন রোড",
381,18,322,"মজিদ স্বরনী",
382,18,358,"সোনাডাঙ্গা আ/এ রোড নং-8",
383,18,361,"সোনাডাঙ্গা আ/এ রোড নং-11",
384,18,362,"সোনাডাঙ্গা আ/এ রোড নং-12",
385,18,359,"সোনাডাঙ্গা আ/এ রোড নং-9",
386,18,360,"সোনাডাঙ্গা আ/এ রোড নং-10",
387,18,365,"গোবরচাকা ঘাটের খালের দক্ষিণ পাড়া",
388,18,366,"দেনারাবাদ লেন-1",
389,18,367,"দেনারাবাদ লেন-2",
390,18,368,"দেনারাবাদ লেন-3",
391,18,369,"দেনারাবাদ লেন-4",
392,18,370,"দেনারাবাদ লেন-5",
393,18,371,"দেনারাবাদ মাহাতাব উদ্দিন সড়ক",
394,18,372,"দেনারাবাদ ট্রাক টার্মিনাল রোড",
395,18,373,"গোবরচাকা নবীনগর মেইন রোড",
396,18,374,"গোবরচাকা ক্রস-2",
397,18,375,"সোনার বাংলা প্রাঃ বিদ্যালয় রোড",
398,18,376,"সোনাডাঙ্গা বাস টার্মিনালের দক্ষিণ পার্শ্ব রোড",
483,21,438,"বার লাইব্রেরী রোড",
399,18,377,"দারুস সালাম জামে মসজিদ রোড",
400,18,378,"ওমর ফারুক শিশু সদন লেন",
401,18,379,"কবি নজরুল ইসলাম সড়ক",
402,18,380,"হাজী তমিজ উদ্দিন সড়ক",
403,18,381,"সবুজবাগ জামে মসজিদ রোড",
404,18,382,"হাজী ইসমাইল গল্লামারী লিংক রবার ফ্যাক্টরী",
405,18,383,"হাজী ইসমাইল লিংক রোড-3য় গলি",
406,18,384,"হাজী ইসমাইল লিংক রোড-4র্থ গলি",
407,18,385,"হাজী ইসমাইল রোড",
408,18,386,"আবু  আহম্মদ রোড",
409,18,387,"হাজী ইসমাইল লিংক রোড",
410,18,388,"গোলাম মোক্তাদি মাধ্যঃ বিঃ রোড",
411,18,389,"খান জাহান নগর মাদ্রাসা রোড",
412,18,390,"শের-এ বাংলা রোড",
413,18,398,"গোবরচাকা মেইন রোড",
414,18,408,"কে,ডি,এ এভিনিউ",
415,18,772,"এম এ বারী সড়ক (আউটার বাইপাস)",
416,18,814,"এম,এ, বারী সড়ক",
417,18,819,"এম এ বারী লিংক রোড",
418,19,373,"গোবরচাকা নবীনগর মেইন রোড",
419,19,385,"হাজী ইসমাইল রোড",
420,19,390,"শের-এ বাংলা রোড",
421,19,391,"শেখপাড়া মেইন রোড",
422,19,398,"গোবরচাকা মেইন রোড",
423,19,392,"শেখপাড়া ক্রস-2",
424,19,393,"বিকে রায় ক্রস রোড",
425,19,395,"গোবরচাকা ক্রস-1",
426,19,396,"গোবরচাকা হাজী বাড়ী লেন",
427,19,397,"গোবরচাকা জামে মসজিদ রোড",
428,19,399,"গোবরচাকা ক্রস-1 বাইলেন",
429,19,400,"ন্যাশনাল বয়েজ সরঃ প্রাঃ বিঃ রোড",
430,19,402,"বরদা রায় রোড",
431,19,403,"বরদা রায় ও হাজী ইসমাইল রোড সংযোগ গলি",
432,19,404,"বরদা রায় রোড বাইলেন",
433,19,405,"বকসী পাড়া রোড",
434,19,406,"বসুপাড়া রোড",
435,19,407,"বসুপাড়া লেন",
436,19,408,"কে,ডি,এ এভিনিউ",
437,19,409,"হাজী ইসমাইল রোড গলি",
438,19,415,"ফারাজী পাড়া রোড",
439,19,777,"কে ডি এ এভিনিউ বাইলেন",
440,20,011,"যশোর রোড",
441,20,385,"হাজী ইসমাইল রোড",
442,20,390,"শের-এ বাংলা রোড",
443,20,391,"শেখপাড়া মেইন রোড",
444,20,392,"শেখপাড়া ক্রস-2",
445,20,401,"শেখপাড়া মসজিদ লেন",
446,20,402,"বরদা রায় রোড",
447,20,408,"কে,ডি,এ এভিনিউ",
448,20,410,"শেখপাড়া বাগান বাড়ী রোড",
449,20,411,"দেবেন বাবু রোড",
450,20,412,"দেবেন বাবু লেন",
451,20,413,"মৌলভী মহসিন উদ্দিন সড়ক",
452,20,414,"আকবারা বাদ রোড",
453,20,415,"ফারাজী পাড়া রোড",
454,20,416,"ফারাজী পাড়া লেন",
455,20,417,"বরদা দত্ত লেন",
456,20,418,"বরদা রায় শেরেবাংলা সংয়োগ গলি-1",
457,20,419,"বরদা রায় শেরেবাংলা সংয়োগ গলি-2",
458,20,420,"শহীদ আবুল হোসেন সড়ক",
459,20,421,"খানজাহান আলী রোড",
460,21,011,"যশোর রোড",
461,21,095,"ওল্ড যশোর রোড",
462,21,422,"পি,সি, রায় রোড",
463,21,423,"জিগজাগ রোড",
464,21,424,"কে,ডি, ঘোষ রোড",
465,21,425,"রেলওয়ে ফোর সোর রোড",
466,21,426,"রেলওয়ে এ্যাপ্রোচ রোড",
467,21,427,"রেলওয়ে হাসপাতাল রোড",
468,21,816,"রেলওয়ে হাসপাতাল রোড (মানিক মিয়া শপিং কমপ্লেক্স)",
469,21,428,"কবি নজরুল ইসলাম (মার্কেট) রেলওয়ে হাঃ রোড",
470,21,796,"রেলওয়ে হাসপাতাল (দরবেশ চেম্বার)",
471,21,797,"রেলওয়ে হাসপাতাল (জব্বার মার্কেট)",
472,21,429,"খুুলনা বিপনী কেন্দ্র ক্লে রোড",
473,21,795,"ক্লে রোড",
474,21,430,"শহীদ সোহরাওয়াদী মার্কেট/ ক্লে রোড",
475,21,793,"ক্লে রোড, রব শপিং মার্কেট",
476,21,432,"মশিউর রহমান বিপনী কেন্দ্র/ক্লে রোড",
477,21,431,"ডাকবাংলা সুপার মার্কেট ক্লে রোড",
478,21,433,"ক্লে রোড (খাজা খানজাহান আলী হকার্স মার্কেট)",
479,21,434,"ভৈরব ষ্ট্যান্ড রোড",
480,21,435,"ওয়েষ্ট মেকট রোড",
481,21,436,"বাজার রোড",
482,21,437,"পুরাতন বাজার রোড",
484,21,439,"রতন সেন রোড",
485,21,440,"সার্কিট হাউজ রোড",
486,21,441,"হাসপাতাল ওয়েষ্ট রোড (হাসপাতাল পাড়া)",
487,21,442,"স্যার ইকবাল রোড",
488,21,794,"রেলওয়ে এ্যাপ্রোচ রোড ভাষানী মার্কেট",
489,21,771,"রেলওয়ে এ্যাপ্রোচ রোড (ভাসানী মার্কেট)",
490,21,773,"রেলওয়ে হাসপাতাল (নাজির উদ্দিন আহমেদ নান্নু বিপণী বিতান)",
491,21,789,"রেলওয়ে হাসপাতাল রোড (চক মার্কেট)",
492,21,800,"ক্লে রোড (খুলনা সাইকেল সেন্টার)",
493,21,801,"ক্লে রোড (মশিউর রহমান বরইতলা 1ম গলি)",
494,21,802,"ক্লে রোড (মশিউর রহমান সি-বøক)",
495,21,803,"ক্লে রোড (মশিউর রহমান বরইতলা 2য় গলি)",
496,21,804,"ক্লে রোড (মশিউর রহমান মসজিদ মার্কেট)",
497,21,818,"রেলওয়ে হাসপাতাল রোড(বীরশ্রেষ্ঠ রুহুল আমিন মার্কেট)",
498,22,085,"হাজী মহসীন রোড",
499,22,424,"কে,ডি, ঘোষ রোড",
500,22,440,"সার্কিট হাউজ রোড",
501,22,443,"বেলায়েত হোসেন সড়ক",
502,22,444,"সৈয়দ মোস্তা গাউছুল হক সড়ক",
503,22,445,"1নং কাষ্টম ঘাট রোড",
504,22,446,"নতুন বাজার এ্যাপ্রোচ রোড",
505,22,447,"নতুন বাজার লঞ্চ ঘাট রোড",
506,22,448,"আলতাপোল লেন",
507,22,449,"পুলিশ লাইন ইষ্ট লেন",
508,22,450,"পুুলিশ লাইন ব্লাইন্ড লেন",
509,22,451,"ফায়ার ব্রিগেড রোড",
510,22,452,"মুন্সি পাড়া-1ম গলি",
511,22,453,"মুন্সি পাড়া-2য় গলি",
512,22,454,"মুন্সি পাড়া-3য় গলি",
513,22,456,"রূপসা ভেড়ী বাধ রোড",
514,22,649,"ফকিরবাড়ী লেন",
515,22,459,"রূপসা এ্যাপ্রোচ রোড",
516,22,460,"রূপসা ষ্ট্যান্ড রোড",
517,22,461,"2নং কাস্টম ঘাট রোড",
518,22,462,"গগন বাবু রোড",
519,22,463,"বাবু খান রোড",
520,22,734,"গগন বাবু 2য় গলি",
521,23,011,"যশোর রোড",
522,23,463,"বাবু খান রোড",
523,23,415,"ফারাজী পাড়া রোড",
524,23,421,"খানজাহান আলী রোড",
525,23,442,"স্যার ইকবাল রোড",
526,23,444,"সৈয়দ মোস্তা গাউছুল হক সড়ক",
527,23,464,"মির্জাপুর রোড",
528,23,465,"মির্জাপুর লেন",
529,23,466,"সিমেন্ট্রী রোড",
530,23,467,"বেনী বাবু রোড",
531,23,468,"তালতলা রোড",
532,23,469,"আহসান আহম্মদ রোড",
533,23,470,"ইউসুফ রোড মির্জাপুর",
534,23,471,"ধর্মসভা ক্রস রোড",
535,23,472,"রাম চন্দ্র দাস লেন",
536,23,473,"কাকলী বাগ লেন",
537,23,474,"সামসুর রহমান রোড",
538,23,475,"স্যার ইকবাল রোড বাইলেন",
539,24,390,"শের-এ বাংলা রোড",
540,24,476,"শের-এ বাংলা রোড (কাশেম নগর-1)",
541,24,477,"শের-এ বাংলা রোড (কাশেম নগর-2)",
542,24,478,"শের-এ বাংলা রোড (কাশেম নগর-3)",
543,24,481,"শের-এ বাংলা রোড (দরগা প্রধান সড়ক)",
544,24,479,"শের-এ বাংলা রোড (কাশেম নগর-4)",
545,24,483,"শের-এ বাংলা রোড (অগ্রনী ব্যাংক আ/এ)",
546,24,484,"শের-এ বাংলা রোড (বাব-এ সালাম লেন)",
547,24,408,"কে,ডি,এ এভিনিউ",
548,24,415,"ফারাজী পাড়া রোড",
549,24,421,"খানজাহান আলী রোড",
550,24,486,"নিরালা আবাসিক এলাকা রোড নং-2",
551,24,482,"শের-এ বাংলা রোড (হাজী সামসুউদ্দীন সড়ক)",
552,24,485,"নিরালা শহীদ ইকবাল বিথার সড়ক রোড নং-1",
553,24,490,"নিরালা আবাসিক এলাকা রোড নং-6",
554,24,487,"নিরালা আবাসিক এলাকা রোড নং-3",
555,24,488,"নিরালা আবাসিক এলাকা রোড নং-4",
556,24,489,"নিরালা আবাসিক এলাকা রোড নং-5",
557,24,491,"নিরালা আবাসিক এলাকা রোড নং-7",
558,24,492,"নিরালা আবাসিক এলাকা রোড নং-8",
559,24,493,"নিরালা আবাসিক এলাকা রোড নং-9",
560,24,494,"নিরালা আবাসিক এলাকা রোড নং-10",
561,24,495,"নিরালা আবাসিক এলাকা রোড নং-11",
562,24,496,"নিরালা আবাসিক এলাকা রোড নং-12",
563,24,497,"নিরালা আবাসিক এলাকা রোড নং-13",
564,24,498,"নিরালা আবাসিক এলাকা রোড নং-14",
565,24,735,"নিরালা আবাসিক এলাকা রোড নং-14",
566,24,499,"নিরালা আবাসিক এলাকা রোড নং-15",
567,24,500,"নিরালা আবাসিক এলাকা রোড নং-16",
568,24,501,"নিরালা আবাসিক এলাকা রোড নং-17",
569,24,502,"নিরালা আবাসিক এলাকা রোড নং-18",
570,24,503,"নিরালা আবাসিক এলাকা রোড নং-19",
571,24,505,"নিরালা আবাসিক এলাকা রোড নং-21",
572,24,504,"নিরালা আবাসিক এলাকা রোড নং-20",
573,24,506,"নিরালা আবাসিক এলাকা রোড নং-22",
574,24,507,"নিরালা আবাসিক এলাকা রোড নং-23",
575,24,508,"নিরালা আবাসিক এলাকা রোড নং-24",
576,24,509,"নিরালা আবাসিক এলাকা রোড নং-25",
577,24,510,"নিরালা আবাসিক এলাকা রোড নং-26",
578,24,511,"নিরালা আবাসিক এলাকা রোড নং-27",
579,24,512,"নিরালা আবাসিক এলাকা রোড নং-28",
580,24,513,"নিরালা আবাসিক এলাকা রোড নং-29",
581,24,514,"নিরালা আবাসিক এলাকা ক্রস-2",
582,24,515,"নিরালা দক্ষিণ পশ্চিম খাল পাড় (সবুজ বাগ)",
583,24,516,"কে,ডি, এ 7নং রোড নিরালা খালের পূর্বপাড়",
584,24,517,"বি,কে,ক্রস-2",
585,24,518,"তালিমুল মিল্লাত মসজিদ রোড",
586,24,519,"তালাব এয়ালী মসজিদ রোড",
587,24,520,"ইকবাল নগর মসজিদ লেন",
588,24,521,"ইকবাল নগর মসজিদ রোড",
589,24,522,"ইসলামপুর রোড",
590,24,523,"প্রান্তিক আ/এ, রোড নং-1",
591,24,524,"প্রান্তিক আ/এ, রোড নং-2",
592,24,532,"প্রান্তিক আ/এ, রোড নং-10",
593,24,528,"প্রান্তিক আ/এ, রোড নং-6",
594,24,525,"প্রান্তিক আ/এ, রোড নং-3",
595,24,526,"প্রান্তিক আ/এ, রোড নং-4",
596,24,527,"প্রান্তিক আ/এ, রোড নং-5",
597,24,529,"প্রান্তিক আ/এ, রোড নং-7",
598,24,530,"প্রান্তিক আ/এ, রোড নং-8",
599,24,531,"প্রান্তিক আ/এ, রোড নং-9",
600,24,533,"প্রান্তিক আ/এ, রোড নং-11",
601,24,534,"প্রান্তিক আ/এ, রোড নং-12",
602,24,535,"প্রান্তিক আ/এ, রোড নং-13",
603,24,536,"প্রান্তিক আ/এ, রোড নং-14",
604,24,537,"ফারাজী পাড়া মেইন রোড",
605,24,538,"বাগমারা মেইন রোড",
606,24,539,"বাগমারা মেইন রোড (ছোট গলি)",
607,24,540,"বাগমারা 3য় গলি (নিরালা আ/এ 7নং রোড)",
608,24,541,"বাগমারা 3য় গলি",
609,24,542,"বাগমারা প্রাথমিক বিদ্যালয় রোড",
610,24,543,"বাগমারা ক্রস-2",
611,24,544,"মুসলমান পাড়া রোড",
612,24,545,"মুসলমান পাড়া ক্রস-2",
613,24,546,"ওহাব এভিনিউ",
614,24,547,"রায়পাড়া  মেইন রোড",
615,24,548,"হাজী মেহের আলী রোড",
616,24,549,"হাজী মেহের আলী রোড বাইলেন",
617,24,550,"জাহিদুর রহমান ক্রস রোড",
618,24,551,"জাহিদুর রহমান সড়ক",
619,24,758,"নিরালা আবাসিক এলাকা",
620,24,758,"নিরালা আবাসিক এলাকা ",
621,24,611,"বাগমারা মেইন রোড 1ম গলি",
622,24,779,"বাগমারা মেইন রোড 1ম গলি",
623,25,385,"হাজী ইসমাইল রোড",
624,25,386,"আবু  আহম্মদ রোড",
625,25,390,"শের-এ বাংলা রোড",
626,25,405,"বকসী পাড়া রোড",
627,25,407,"বসুপাড়া লেন",
628,25,552,"বি, কে ব্র²পাড়া রোড",
629,25,553,"মিনারা মসজিদ রোড",
630,25,554,"মিনারা মসজিদ লেন",
631,25,555,"পুরাতন গল্লামারী রোড",
632,25,556,"বানরগাতী সঃ প্রাঃ বিঃ রোড",
633,25,557,"বকসী পাড়া লেন",
634,25,558,"বসুপাড়া মেইন রোড",
635,25,559,"বসুপাড়া এতিম খানা রোড",
636,25,560,"কাদের খান রোড",
637,25,561,"কাদের খান ও পুরাতন গল্লামারী লিংক রোড",
638,25,562,"গল্লামারী নথর্’ খাল ব্যাংক রোড",
639,25,563,"শহীদ সোহরাওয়ারদী কলেজ রোড",
640,25,564,"হাজী ইসমাইল লিংক রোড-2",
641,25,565,"হাজী ইসঃ ও শহীদ সোঃ কলেজ সংযোগ গলি",
642,25,566,"হাজী ইসমাইল গল্লামারী লিংক রোড-1ম গলি",
643,25,567,"হাজী ইসমাইল গল্লামারী লিংক রোড-2য় গলি",
644,25,568,"হাজী ইসমাইল গল্লামারী লিংক রোড (বকুল বাগান লেন)",
645,25,569,"শহীদ সোহরাওয়ারদী কলেজ রোড বাইলেন",
646,25,814,"এম,এ, বারী সড়ক",
647,26,390,"শের-এ বাংলা রোড",
648,26,560,"কাদের খান রোড",
649,26,570,"বি,কে পশ্চিম পাড়া রোড",
650,26,581,"কাশেমাবাদ মসজিদ রোড",
651,26,385,"হাজী ইসমাইল রোড",
652,26,555,"পুরাতন গল্লামারী রোড",
653,26,558,"বসুপাড়া মেইন রোড",
654,26,559,"বসুপাড়া এতিম খানা রোড",
655,26,562,"গল্লামারী নথর্’ খাল ব্যাংক রোড",
656,26,571,"বি,কে পশ্চিম পাড়া কওছার সঢ়ক",
657,26,572,"বি,কে পশ্চিম পাড়া রোড ক্রস রোড",
658,26,573,"বি,কে ক্রস আন্দির ঘাট লেন",
659,26,574,"বি,কে বসুপাড়া মেইন রোড",
660,26,575,"শেরে বাংলা বি,কে  পশ্চিম পাড়া গলি",
661,26,576,"শেরে বাংলা রোড বাইলেন",
662,26,577,"নাজিরঘাট রোড",
663,26,578,"নাজিরঘাট ক্রস রোড",
664,26,579,"পশ্চিম বানিয়াখামার নুরানিয়া জামে মসজিদ লেন",
665,26,580,"পুরাতন গল্লামারী হাজেরা মেমোঃ প্রঃ বিঃ রোড",
666,26,582,"কামাল উদ্দিন লেন",
667,26,583,"শান্তিবাগ লেন",
668,26,584,"গঃ নর্থখাল ব্যাঃ রোড ও পশ্চিম বাঃ খাঃ ক্রস রোড",
669,26,751,"গল্লামারী নর্থখাল ব্যাংক ক্রস রোড",
1,1,002,"কেদারনাথ মেইন রোড",
671,27,421,"খানজাহান আলী রোড",
672,27,522,"ইসলামপুর রোড",
673,27,538,"বাগমারা মেইন রোড",
674,27,539,"বাগমারা মেইন রোড (ছোট গলি)",
675,27,585,"বি,কে,মেইন রোড",
676,27,595,"বি,কে,মেইন রোড ক্রস-2",
677,27,586,"বি,কে ইষ্ট মসজিদ রোড",
678,27,587,"বি,কে,মেইন রোড -1ম গলি",
679,27,588,"বি,কে,মেইন রোড -2য় গলি",
680,27,589,"বি,কে,মেইন রোড -3য় গলি",
681,27,590,"বি,কে,মেইন রোড -4র্থ গলি",
682,27,591,"বি,কে,মেইন রোড -7ম গলি (কারী সাহেবের গলি)",
683,27,592,"বি,কে,মেইন রোড -8ম গলি",
684,27,593,"বি,কে,মেইন রোড -9ম গলি",
685,27,594,"বি,কে মিউনিসিপ্যাল ট্যাংক রোড",
686,27,597,"বি,কে প্রথমিক বিদ্যালয় রোড",
687,27,598,"মিস্ত্রীপাড়া খালপাড় রোড",
688,27,599,"টি,বি বাউন্ডারি রোড",
689,27,600,"দোলখোলা রোড",
690,27,601,"রোকন উদ্দিন সড়ক",
691,27,603,"আঃ রহিম সড়ক",
692,27,604,"বাগমারা আল-আমীন সড়ক",
693,27,605,"বাগমারা ঈদগা রোড",
694,27,606,"বাগমারা ঈদগা লেন-1",
695,27,607,"বাগমারা ঈদগা লেন-2",
696,27,608,"বায়তুন নাজাত জামে মসজিদ রোড",
697,27,609,"সুলতান আহম্মেদ রোড",
698,27,610,"টুটপাড়া মিয়াপাড়া রোড",
699,27,611,"বাগমারা মেইন রোড 1ম গলি",
700,27,612,"মৌলভী পাড়া রোড",
701,27,613,"ইসলামপুর ক্রস রোড",
702,27,614,"ইসলামপুর ক্রস লেন",
703,27,618,"টুটপাড়া প্রধান সড়ক",
704,27,755,"বি,কে,মেইন রোড ছোট গলি",
705,27,756,"বি,কে,মেইন রোড 6ষ্ঠ গলি",
706,28,421,"খানজাহান আলী রোড",
707,28,610,"টুটপাড়া মিয়াপাড়া রোড",
708,28,615,"টুটপাড়া মিয়াপাড়া সঃ প্রাঃ বিঃ রোড",
709,28,616,"টুটপাড়া মিয়াপাড়া-1ম গলি",
710,28,617,"টুটপাড়া সেন্ট্রাল রোড",
711,28,618,"টুটপাড়া প্রধান সড়ক",
712,28,619,"টুটপাড়া কবি নজরুল সড়ক",
713,28,620,"টুটপাড়া ক্রস রোড-1",
714,28,621,"নিউ মিয়াপাড়া রোড",
715,28,623,"পশ্চিম টুটপাড়া -1ম গলি",
716,28,624,"পশ্চিম টুটপাড়া -2য় গলি",
717,28,625,"পশ্চিম টুটপাড়া -3য় গলি",
718,28,626,"পশ্চিম টুটপাড়া -4র্থ গলি (ইসলামিয়া সড়ক)",
719,28,627,"পশ্চিম টুটপাড়া -4র্থ গলি",
720,28,628,"পশ্চিম টুটপাড়া -5ম গলি",
721,28,629,"পশ্চিম টুটপাড়া -6ষ্ঠ গলি",
722,28,630,"পশ্চিম টুটপাড়া -7ম গলি",
723,28,631,"পশ্চিম টুটপাড়া -8ম গলি",
724,28,632,"পশ্চিম টুটপাড়া সঃ প্রাঃ বিঃ রোড",
725,28,633,"পশ্চিম টুটপাড়া প্রধান সড়ক",
726,28,634,"টুটপাড়া মিয়াপাড়া কেন্দ্রীয় মসজিদ রোড",
727,28,635,"টুটপাড়া মিয়া পাড়া 2য় গলি",
728,28,636,"টুটপাড়া মিয়া পাড়া 3য় গলি",
729,28,637,"টুটপাড়া করপাড়া রোড",
730,28,638,"টুটপাড়া ক্রস-2",
731,28,639,"টুটপাড়া সাকর্‚লার রোড",
732,28,640,"টুটপাড়া সাকর্‚লার ওয়েষ্ট লেন",
733,28,641,"টুটপাড়া হাজী বাগ লেন",
734,28,642,"এ,এন দাস লেন",
735,28,680,"টুটপাড়া রোড ক্রস-3",
736,29,085,"হাজী মহসীন রোড",
737,29,421,"খানজাহান আলী রোড",
738,29,443,"বেলায়েত হোসেন সড়ক",
739,29,444,"সৈয়দ মোস্তা গাউছুল হক সড়ক",
740,29,459,"রূপসা এ্যাপ্রোচ রোড",
741,29,460,"রূপসা ষ্ট্যান্ড রোড",
742,29,462,"গগন বাবু রোড",
743,29,463,"বাবু খান রোড",
744,29,643,"টি,বি হাসপাতাল রোড",
745,29,644,"টি,বি হাসপাতাল রোড (1ম গলি)",
746,29,645,"টি,বি হাসপাতাল রোড (2য় গলি)",
747,29,647,"আবুখান লেন",
748,29,648,"আরজান আলী রোড",
749,29,649,"ফকিরবাড়ী লেন",
750,29,651,"এম, টি রোড",
751,29,652,"রহমানিয়া মসজিদ রোড",
752,29,653,"কয়লাঘাট পার্ক লেন",
753,29,654,"গগণ বাবু-1ম গলি",
754,29,655,"সাউথ সেন্ট্রাল রোড বাইলেন (মোস্তা গাউসুল হক সড়ক)",
759,30,057,"বায়তুল আমান জামে মসজিদ রোড",
760,30,608,"বায়তুন নাজাত জামে মসজিদ রোড",
761,30,664,"আলতাফ হোসেন সড়ক বাইলেন",
762,30,665,"বায়তুল আমান মসজিদ রোড-1ম গলি",
763,30,666,"বায়তুল আমান মসজিদ রোড-2য় গলি",
764,30,421,"খানজাহান আলী রোড",
765,30,687,"টুটপাড়া প্রধান সড়ক বাইলেন",
766,30,618,"টুটপাড়া প্রধান সড়ক",
767,30,639,"টুটপাড়া সাকর্‚লার রোড",
768,30,660,"শের -এ- বাংলা বাজার রোড",
769,30,661,"আজিজুর রহমান সড়ক",
770,30,663,"আলতাফ হোসেন সড়ক",
771,30,667,"মতিয়াখালি খালের উত্তর পার্শ্বে",
772,30,668,"স্মল পক্স ওয়ার্ড রোড",
773,30,669,"চানমারী মোহাম্মাদিয়া জামে মসজিদ রোড",
774,30,671,"চানমারী এতিমখানা মাদ্রাসা বাইলেন",
775,30,670,"চানমারী  আহম্মাদিয়া প্রাথমিক বিদ্যালয় রোড",
776,30,672,"চানমারী এ্যাপ্রোচ লেন-1",
777,30,673,"চানমারী এ্যাপ্রোচ লেন-2",
778,30,674,"চানমারী এ্যাপ্রোচ লেন-3",
779,30,675,"চানমারী এ্যাপ্রোচ লেন-4",
780,30,676,"চানমারী এ্যাপ্রোচ রোড",
781,30,677,"চানমারী আহম্মাদিয়া মাদ্রাসা রোড",
782,30,678,"টুটপাড়া দিলখোলা রোড",
783,30,679,"টুটপাড়া মেইন রোড",
784,30,680,"টুটপাড়া রোড ক্রস-3",
785,30,681,"টুটপাড়া ইষ্ট লিংক গলি",
786,30,686,"টুটপাড়া ইষ্ট লিংক রোড",
787,30,682,"টুটপাড়া সাকর্‚লার ইষ্ট লেন",
788,30,683,"টুটপাড়া সরকার পাড়া রোড",
789,30,684,"টুটপাড়া হাসপাতাল লেন",
790,30,685,"টুটপাড়া মাষ্টার পাড়া রোড",
791,31,688,"জিন্নাপাড়া প্রধান সড়ক",
792,31,704,"মতিয়াখালি মেইন রোড -8ম গলি",
793,31,706,"মতিয়াখালি মেইন রোড -10ম গলি",
794,31,707,"মতিয়াখালি মেইন রোড -11 নং গলি",
795,31,708,"মতিয়াখালি মেইন রোড -12নং গলি",
796,31,709,"মতিয়াখালি মেইন রোড -13 নং গলি",
797,31,711,"মতিয়াখালি মেইন রোড -15 নং গলি",
798,31,650,"শিপইয়ার্ড রোড",
799,31,689,"জিন্নাপাড়া হযরত আলী জামে মসজিদ রোড",
800,31,690,"জিন্নাপাড়া মসজিদ রোড",
801,31,691,"শিপইয়ার্ড রোড বাইলেন",
802,31,692,"মোক্তার হোসেন সড়ক",
803,31,693,"মোক্তার হোসেন সড়ক বাইলেন",
804,31,694,"মোল্লাপাড়া ক্ষেত্রখালের পশ্চিম পার্শ্বে",
805,31,695,"ফ্রান্সিস পাড়া ২য় গলি",
806,31,696,"মতিয়াখালি মেইন রোড",
807,31,697,"মতিয়াখালি মেইন রোড ১ম গলি",
808,31,698,"মতিয়াখালি মেইন রোড ২য় গলি",
809,31,699,"মতিয়াখালি মেইন রোড ৩য় গলি",
810,31,700,"মতিয়াখালি মেইন রোড ৪র্থ গলি",
811,31,701,"মতিয়াখালি মেইন রোড ৫ম গলি",
812,31,702,"মতিয়াখালি মেইন রোড ৬ষ্ঠ গলি",
813,31,703,"মতিয়াখালি মেইন রোড ৭ম গলি",
814,31,704,"মতিয়াখালি মেইন রোড ৮ম গলি",
815,31,705,"মতিয়াখালি মেইন রোড ৯ম গলি",
816,31,706,"মতিয়াখালি মেইন রোড ১০ম গলি",
817,31,707,"মতিয়াখালি মেইন রোড ১১ নং গলি",
818,31,708,"মতিয়াখালি মেইন রোড ১২নং গলি",
819,31,709,"মতিয়াখালি মেইন রোড ১৩ নং গলি",
820,31,710,"মতিয়াখালি মেইন রোড ১৪ নং গলি",
821,31,711,"মতিয়াখালি মেইন রোড ১৫ নং গলি",
822,31,712,"মোল¬াপাড়া ক্ষেত্রখালের পূর্ব পার্শ্বে",
823,31,713,"যমুনা রাইস মিল ১ম গলি",
824,31,714,"লবনচরা সুইস গেটের উত্তর পার্শ্ব",
826,31,716,"লবনচরা খালের দক্ষিণ পার্শ্ব",
827,31,717,"লবনচরা খালের দক্ষিণ পার্শ্বে ১ম গলি",
828,31,718,"লবনচরা খালের দক্ষিণ পার্শ্বে ২য় গলি",
829,31,719,"লবনচরা সুইস গেটের দক্ষিণ পার্শ্বে ১ম গলি",
830,31,720,"লবনচরা সুইস গেটের দক্ষিণ পার্শ্বে ২য় গলি",
832,31,722,"লবণ চরা সুইচ গেটের দক্ষিণ পাড়৪ৃর্থ গলি",
833,31,723,"লবণ চরা কবর খানা রোড",
834,31,724,"লবণ চরা নদীর তীর",
835,31,759,"লবণ চরা সুইচ গেটের দক্ষিণ পাড়",
836,31,760,"নওদাড়াপাড়া ২য় গলি",
837,31,761,"জিন্নাহপাড়া সড়ক রসুল খালের উত্তর পাড়",
838,31,762,"জিন্নাহ পাড়া ২য় গলি",
839,31,764,"জিন্নাহ পাড়া ৪র্থ গলি",
840,31,765,"জিন্নাহ পাড়া  ৫ম গলি",
841,31,766,"জিন্নাহ পাড়া ৭ম গলি",
842,31,767,"জিন্নাহ পাড়া ৮ম গলি",
843,31,768,"জিন্নাহ পাড়া ৯ম গলি",
844,31,769,"জিন্নাহ পাড়া ১০ম গলি",
845,31,770,"জিন্নাহ পাড়া ১২তম গলি",
846,31,778,"মোল্যা পাড়া ক্ষেত্র খালের পূর্ব পাড়",
847,31,780,"যমুনা রাইস মিল গলি",
848,31,782,"মেয়র তালুকদার আব্দুল খালেক সড়ক (বাইলেন ১)",
849,31,783,"মেয়র তালুকদার আব্দুল খালেক সড়ক (বাইলেন ২)",
850,31,784,"মোল্যাপাড়া ক্ষেত্রখালের পশ্চিম পাড় আঃ গনি সড়ক",
851,31,785,"রায়পাড়া স্কুল রোড",
852,31,786,"রায়পাড়া মদিনাবাদ রোড",
853,31,843,"মেয়র তালুকদার আব্দুল খালেক সড়ক",
854,31,844,"মেয়র তালুকদার আব্দুল খালেক সড়ক(মধুমতি আ/এ)",
857,9,847,"বাস্তহারা নবী নগর মসজিদ রোড",
758,29,659,"হাজী মহসীন রোড -1ম গলি",
757,29,658,"হাজী মহসীন রোড বাইলেন -4",
755,29,656,"হাজী মহসীন রোড বাইলেন -2",
756,29,657,"হাজী মহসীন রোড বাইলেন -3",
856,2,848,"নিবিড় আবাসিক এলাকা রোড-১২",
831,31,721,"লবনচরা সুইস গেটের দক্ষিণ পার্শ্বে ৩ম গলি",
235,12,328,"ইষ্ট ব্লক বি, আই, ডি,সি রোড",
825,31,715,"লবনচরা খালের উত্তর পাড় (ইসলাম গলি)",
137,9,119,"হাউজিং ওয়েষ্ট সাউথ ব্লক 800 বর্গগজ",
167,10,129,"সেন্ট্রাল ওয়েষ্ট ব্লক 300 বর্গগজ, রোড নং-174",
217,10,226,"সেন্ট্রাল ওয়েষ্ট ব্লক- সি রোড নং- 172",
242,12,337,"হাউজিং ব্লক- ই",
243,12,338,"হাউজিং ব্লক- এ",
245,12,340,"হাউজিং এষ্টেট সেন্টাল সাউথ ব্লক",
257,12,352,"হাউজিং ব্লক-আই",
262,12,357,"হাউজিং ব্লক-ডবিøউ",
881,24,857,"প্রান্তিক আ/এ রোড-১৫","2024-11-20 18:27:27"
883,24,859,"প্রান্তিক আ/এ রোড-১৭","2024-11-20 18:27:27"
884,24,860,"প্রান্তিক আ/এ রোড-১৮","2024-11-20 18:27:27"
882,24,858,"প্রান্তিক আ/এ রোড-১৬","2024-11-20 18:27:27"
880,2,856,"নিবিড় আবাসিক এলাকা  রোড নং-১","2024-03-19 12:42:04"
879,1,855,"রোড টেষ্ট-১","2023-11-12 14:22:03"
878,2,855,"নিবিড় আবাসিক এলাকা রোড নং-৭","2023-11-12 14:20:00"
877,2,854,"নিবিড় আবাসিক এলাকা রোড-১৪","2023-07-09 16:24:10"
876,9,853,"মুজগুন্নী আবাসিক এলাকা রোড নং - 24","2023-07-09 16:21:31"
875,2,839,"নিবিড় আবাসিক এলাকা রোড-১৫","2023-07-09 16:18:32"
874,2,840,"নিবিড় আবাসিক এলাকা রোড-১১","2023-07-09 16:17:50"
873,2,842,"নিবিড় আবাসিক এলাকা রোড-২","2023-07-09 16:17:28"
872,2,846,"নিবিড় আবাসিক এলাকা রোড-৫","2023-07-09 16:17:13"
871,2,845,"নিবিড় আবাসিক এলাকা","2023-07-09 16:16:46"
870,2,837,"নিবিড় আবাসিক এলাকা রোড-১৩","2023-07-09 16:15:17"
869,2,850,"নিবিড় আবাসিক এলাকা রোড-১০","2023-07-09 16:14:45"
868,2,849,"নিবিড় আবাসিক এলাকা রোড-৮","2023-07-09 16:14:26"
867,2,838,"নিবিড় আবাসিক এলাকা রোড-১৬","2023-07-09 16:12:47"
866,2,852,"নিবিড় আবাসিক এলাকা রোড-৪","2023-07-09 16:09:41"
865,27,851,"বাগমারা মেইন রোড ব্রিজের পূর্বপাশ্ব ১ম গলি","2023-07-09 16:02:41"
864,2,836,"নিবিড় আবাসিক এলাকা রোড -৩","2023-07-09 15:57:24"
863,2,835,"নিবিড় আবাসিক এলাকা রোড-৯","2023-07-09 15:47:58"
862,14,841,"বয়রা জংশন রোড (আনসার উদ্দিন সড়ক)","2023-07-09 15:39:59"
860,9,841,"বয়রা জংশন রোড (আনসার উদ্দিন সড়ক)","2023-05-18 15:25:41"
859,3,004,test,"2023-03-14 16:17:06"
